text;topic;predicted;extra;not_predicted
9322;строительство и архитектура,строительство;политика и общественная жизнь;политика и общественная жизнь;строительство и архитектура,строительство
3213;спорт;спорт;;
7269;спорт;спорт;;
1706;политика и общественная жизнь;политика и общественная жизнь;;
11422;криминал;криминал;;
4014;происшествия;транспорт;транспорт;происшествия
10326;строительство и архитектура,строительство;строительство и архитектура;;строительство
9996;право,администрация и управление;частная жизнь;частная жизнь;администрация и управление,право
2030;право;право;;
1172;происшествия;спорт;спорт;происшествия
10069;экономика,бизнес,бизнес, коммерция, экономика, финансы;бизнес,экономика,бизнес, коммерция, экономика, финансы;;
2097;наука и технологии;бизнес;бизнес;наука и технологии
366;сельское хозяйство,политика и общественная жизнь;сельское хозяйство,политика и общественная жизнь;;
10038;политика и общественная жизнь;политика и общественная жизнь;;
4143;искусство и культура;политика и общественная жизнь;политика и общественная жизнь;искусство и культура
1242;здоровье и медицина;здоровье и медицина;;
1470;происшествия;происшествия;;
5868;техника,экономика,бизнес,бизнес, коммерция, экономика, финансы;бизнес,экономика,бизнес, коммерция, экономика, финансы;;техника
1349;производство;политика и общественная жизнь;политика и общественная жизнь;производство
9910;энергетика,частная жизнь,политика и общественная жизнь;политика и общественная жизнь;;энергетика,частная жизнь
11610;политика и общественная жизнь;политика и общественная жизнь;;
3144;транспорт,спорт;транспорт,спорт;;
11172;экономика,бизнес,бизнес, коммерция, экономика, финансы;бизнес,экономика,бизнес, коммерция, экономика, финансы;;
4741;дом и домашнее хозяйство;дом и домашнее хозяйство;;
11411;политика и общественная жизнь;частная жизнь;частная жизнь;политика и общественная жизнь
5530;криминал;досуг, зрелища и развлечения;досуг, зрелища и развлечения;криминал
6248;спорт;спорт;;
3198;происшествия;криминал;криминал;происшествия
9584;наука и технологии;наука и технологии,строительство;строительство;
904;спорт;досуг, зрелища и развлечения,спорт;досуг, зрелища и развлечения;
3474;религия;религия;;
10457;администрация и управление;администрация и управление;;
7106;политика и общественная жизнь;политика и общественная жизнь;;
6262;образование,политика и общественная жизнь;образование;;политика и общественная жизнь
10145;экономика,бизнес,бизнес, коммерция, экономика, финансы;бизнес,экономика,бизнес, коммерция, экономика, финансы;;
8431;природа,происшествия;природа;;происшествия
4535;администрация и управление,транспорт,спорт;администрация и управление;;спорт,транспорт
7203;искусство и культура;искусство и культура;;
11628;политика и общественная жизнь;политика и общественная жизнь;;
7440;здоровье и медицина,экономика,бизнес,бизнес, коммерция, экономика, финансы;здоровье и медицина;;бизнес,экономика,бизнес, коммерция, экономика, финансы
10422;искусство и культура;искусство и культура;;
7749;экономика,бизнес,бизнес, коммерция, экономика, финансы;бизнес,бизнес, коммерция, экономика, финансы;;экономика
3712;сельское хозяйство;сельское хозяйство;;
2920;здоровье и медицина;частная жизнь;частная жизнь;здоровье и медицина
3528;транспорт,спорт;транспорт,право,спорт;право;
3526;политика и общественная жизнь;администрация и управление;администрация и управление;политика и общественная жизнь
10570;производство;бизнес,экономика,бизнес, коммерция, экономика, финансы;бизнес,экономика,бизнес, коммерция, экономика, финансы;производство
4532;политика и общественная жизнь;политика и общественная жизнь;;
2545;спорт;спорт;;
3191;политика и общественная жизнь;политика и общественная жизнь;;
11417;администрация и управление,политика и общественная жизнь;администрация и управление;;политика и общественная жизнь
6550;право;политика и общественная жизнь;политика и общественная жизнь;право
2413;происшествия;происшествия;;
11275;право;право;;
3199;образование;образование;;
7372;техника;бизнес,экономика,бизнес, коммерция, экономика, финансы;бизнес,экономика,бизнес, коммерция, экономика, финансы;техника
6357;история,наука и технологии;наука и технологии,история;;
7727;администрация и управление,история;администрация и управление;;история
3994;криминал;политика и общественная жизнь;политика и общественная жизнь;криминал
8443;экономика,бизнес,бизнес, коммерция, экономика, финансы;политика и общественная жизнь;политика и общественная жизнь;бизнес,экономика,бизнес, коммерция, экономика, финансы
11493;сельское хозяйство;бизнес,экономика,бизнес, коммерция, экономика, финансы;бизнес,экономика,бизнес, коммерция, экономика, финансы;сельское хозяйство
3365;криминал;криминал,право;право;
2603;природа,досуг, зрелища и развлечения;политика и общественная жизнь;политика и общественная жизнь;природа,досуг, зрелища и развлечения
7876;образование;политика и общественная жизнь,образование;политика и общественная жизнь;
8980;армия и вооруженные конфликты;история;история;армия и вооруженные конфликты
9380;политика и общественная жизнь;политика и общественная жизнь;;
6234;политика и общественная жизнь;политика и общественная жизнь;;
5721;искусство и культура;искусство и культура;;
11490;частная жизнь;частная жизнь;;
10926;частная жизнь;политика и общественная жизнь,частная жизнь;политика и общественная жизнь;
3285;право,политика и общественная жизнь;политика и общественная жизнь;;право
2531;спорт;досуг, зрелища и развлечения,спорт;досуг, зрелища и развлечения;
1976;досуг, зрелища и развлечения;политика и общественная жизнь;политика и общественная жизнь;досуг, зрелища и развлечения
8315;экономика,бизнес,бизнес, коммерция, экономика, финансы;производство;производство;бизнес,экономика,бизнес, коммерция, экономика, финансы
10021;армия и вооруженные конфликты;армия и вооруженные конфликты;;
3389;досуг, зрелища и развлечения;досуг, зрелища и развлечения;;
9699;наука и технологии;наука и технологии;;
4524;спорт;спорт;;
30;строительство и архитектура,строительство;экономика;экономика;строительство и архитектура,строительство
9541;частная жизнь,образование;политика и общественная жизнь,частная жизнь;политика и общественная жизнь;образование
4389;лесное хозяйство;администрация и управление;администрация и управление;лесное хозяйство
2643;политика и общественная жизнь;политика и общественная жизнь;;
4954;техника,сельское хозяйство;сельское хозяйство;;техника
3209;право,экономика,бизнес,бизнес, коммерция, экономика, финансы;бизнес,экономика,политика и общественная жизнь,право,бизнес, коммерция, экономика, финансы;политика и общественная жизнь;
10129;досуг, зрелища и развлечения;досуг, зрелища и развлечения;;
7717;политика и общественная жизнь;политика и общественная жизнь;;
1133;политика и общественная жизнь;политика и общественная жизнь;;
4039;образование;бизнес,экономика,бизнес, коммерция, экономика, финансы,образование;бизнес,экономика,бизнес, коммерция, экономика, финансы;
2113;политика и общественная жизнь;транспорт,спорт;спорт,транспорт;политика и общественная жизнь
8221;право,политика и общественная жизнь;право;;политика и общественная жизнь
1014;происшествия;происшествия;;
10344;политика и общественная жизнь;политика и общественная жизнь;;
9906;администрация и управление,образование;образование;;администрация и управление
9815;политика и общественная жизнь;политика и общественная жизнь;;
9817;спорт;спорт;;
9353;право;криминал;криминал;право
4400;политика и общественная жизнь;политика и общественная жизнь;;
7285;искусство и культура;искусство и культура;;
8058;дом и домашнее хозяйство;дом и домашнее хозяйство;;
6732;политика и общественная жизнь;политика и общественная жизнь;;
5907;досуг, зрелища и развлечения,образование;искусство и культура;искусство и культура;досуг, зрелища и развлечения,образование
2132;политика и общественная жизнь;экономика;экономика;политика и общественная жизнь
3445;дом и домашнее хозяйство;дом и домашнее хозяйство;;
4891;политика и общественная жизнь;политика и общественная жизнь;;
1555;политика и общественная жизнь;политика и общественная жизнь;;
11066;искусство и культура;искусство и культура;;
3381;производство;дом и домашнее хозяйство;дом и домашнее хозяйство;производство
8800;искусство и культура;досуг, зрелища и развлечения,политика и общественная жизнь;политика и общественная жизнь,досуг, зрелища и развлечения;искусство и культура
7016;искусство и культура;искусство и культура;;
294;техника;бизнес;бизнес;техника
5435;спорт;спорт;;
2730;дом и домашнее хозяйство;дом и домашнее хозяйство;;
8645;политика и общественная жизнь;строительство и архитектура;строительство и архитектура;политика и общественная жизнь
9242;здоровье и медицина;здоровье и медицина;;
7821;частная жизнь;строительство и архитектура;строительство и архитектура;частная жизнь
3085;армия и вооруженные конфликты,политика и общественная жизнь;политика и общественная жизнь,армия и вооруженные конфликты;;
858;частная жизнь;политика и общественная жизнь;политика и общественная жизнь;частная жизнь
4621;наука и технологии;политика и общественная жизнь;политика и общественная жизнь;наука и технологии
6549;экономика,бизнес,бизнес, коммерция, экономика, финансы;бизнес,экономика,бизнес, коммерция, экономика, финансы;;
10334;частная жизнь;частная жизнь;;
5036;криминал;криминал;;
4180;дом и домашнее хозяйство;дом и домашнее хозяйство;;
5163;политика и общественная жизнь;политика и общественная жизнь;;
3105;администрация и управление;администрация и управление;;
7465;политика и общественная жизнь;политика и общественная жизнь;;
10275;здоровье и медицина;здоровье и медицина;;
2871;здоровье и медицина,транспорт,спорт;здоровье и медицина;;спорт,транспорт
11769;политика и общественная жизнь;администрация и управление,политика и общественная жизнь;администрация и управление;
11080;искусство и культура;искусство и культура,досуг, зрелища и развлечения;досуг, зрелища и развлечения;
1800;криминал;криминал;;
10876;частная жизнь;политика и общественная жизнь;политика и общественная жизнь;частная жизнь
7863;политика и общественная жизнь;политика и общественная жизнь;;
8883;искусство и культура;искусство и культура;;
4599;техника;дом и домашнее хозяйство;дом и домашнее хозяйство;техника
7698;экономика,бизнес,бизнес, коммерция, экономика, финансы;бизнес, коммерция, экономика, финансы;;бизнес,экономика
393;политика и общественная жизнь;политика и общественная жизнь;;
10727;политика и общественная жизнь;политика и общественная жизнь;;
10720;администрация и управление;экономика,бизнес, коммерция, экономика, финансы;бизнес, коммерция, экономика, финансы,экономика;администрация и управление
9466;политика и общественная жизнь;политика и общественная жизнь;;
211;религия;религия;;
7385;экономика,бизнес,бизнес, коммерция, экономика, финансы,политика и общественная жизнь;право;право;бизнес,экономика,политика и общественная жизнь,бизнес, коммерция, экономика, финансы
237;спорт;спорт;;
4865;право;бизнес,право;бизнес;
3155;армия и вооруженные конфликты,политика и общественная жизнь;история,армия и вооруженные конфликты;история;политика и общественная жизнь
1235;искусство и культура;искусство и культура;;
6877;право,политика и общественная жизнь;бизнес,экономика,политика и общественная жизнь,право,бизнес, коммерция, экономика, финансы;бизнес,экономика,бизнес, коммерция, экономика, финансы;
10889;сельское хозяйство;сельское хозяйство;;
4049;политика и общественная жизнь;политика и общественная жизнь;;
11603;политика и общественная жизнь;политика и общественная жизнь;;
8978;политика и общественная жизнь;политика и общественная жизнь;;
310;природа;политика и общественная жизнь;политика и общественная жизнь;природа
5669;политика и общественная жизнь;политика и общественная жизнь;;
824;политика и общественная жизнь;политика и общественная жизнь;;
3780;досуг, зрелища и развлечения;досуг, зрелища и развлечения;;
3471;администрация и управление,транспорт,спорт;транспорт,спорт;;администрация и управление
10237;политика и общественная жизнь;политика и общественная жизнь;;
369;политика и общественная жизнь;политика и общественная жизнь;;
7562;политика и общественная жизнь;политика и общественная жизнь;;
9781;политика и общественная жизнь;политика и общественная жизнь;;
2276;природа,политика и общественная жизнь;политика и общественная жизнь;;природа
8543;строительство и архитектура,строительство;строительство,строительство и архитектура;;
1009;политика и общественная жизнь;политика и общественная жизнь;;
8435;политика и общественная жизнь;администрация и управление,политика и общественная жизнь;администрация и управление;
5563;здоровье и медицина;здоровье и медицина;;
6396;экономика,бизнес,бизнес, коммерция, экономика, финансы;бизнес,экономика,бизнес, коммерция, экономика, финансы;;
3645;политика и общественная жизнь;политика и общественная жизнь;;
1468;происшествия;происшествия;;
3045;здоровье и медицина;здоровье и медицина;;
2661;политика и общественная жизнь;бизнес,экономика,бизнес, коммерция, экономика, финансы;бизнес,экономика,бизнес, коммерция, экономика, финансы;политика и общественная жизнь
911;экономика,криминал,бизнес,бизнес, коммерция, экономика, финансы;криминал;;бизнес,экономика,бизнес, коммерция, экономика, финансы
4451;строительство и архитектура,строительство;строительство;;строительство и архитектура
10114;строительство и архитектура,строительство;наука и технологии,строительство,строительство и архитектура;наука и технологии;
11049;строительство и архитектура,история,строительство;история,строительство и архитектура;;строительство
8991;дом и домашнее хозяйство;дом и домашнее хозяйство;;
4765;право;право;;
134;сельское хозяйство;политика и общественная жизнь;политика и общественная жизнь;сельское хозяйство
2734;происшествия;происшествия;;
8819;астрология, парапсихология, эзотерика,психология;частная жизнь;частная жизнь;психология,астрология, парапсихология, эзотерика
7597;экономика,бизнес,бизнес, коммерция, экономика, финансы;бизнес,строительство,экономика,бизнес, коммерция, экономика, финансы;строительство;
2453;экономика,бизнес,бизнес, коммерция, экономика, финансы;бизнес,экономика,политика и общественная жизнь,бизнес, коммерция, экономика, финансы;политика и общественная жизнь;
10877;криминал;криминал;;
7906;политика и общественная жизнь;политика и общественная жизнь;;
7765;спорт;спорт;;
7107;происшествия;происшествия;;
6701;экономика,бизнес,бизнес, коммерция, экономика, финансы;экономика;;бизнес,бизнес, коммерция, экономика, финансы
9139;дом и домашнее хозяйство,образование;здоровье и медицина;здоровье и медицина;дом и домашнее хозяйство,образование
1899;природа;природа;;
9320;политика и общественная жизнь;политика и общественная жизнь;;
1269;происшествия;происшествия,транспорт,спорт;спорт,транспорт;
534;транспорт,экономика,бизнес,бизнес, коммерция, экономика, финансы,спорт;спорт;;бизнес,транспорт,бизнес, коммерция, экономика, финансы,экономика
2693;сельское хозяйство;политика и общественная жизнь;политика и общественная жизнь;сельское хозяйство
6979;путешествия;путешествия;;
6339;политика и общественная жизнь;политика и общественная жизнь;;
11633;экономика,бизнес,бизнес, коммерция, экономика, финансы;бизнес,экономика,бизнес, коммерция, экономика, финансы;;
197;искусство и культура;искусство и культура;;
9351;дом и домашнее хозяйство;дом и домашнее хозяйство;;
11773;политика и общественная жизнь;политика и общественная жизнь;;
8995;политика и общественная жизнь;политика и общественная жизнь;;
11099;искусство и культура;искусство и культура;;
8695;строительство и архитектура,строительство;строительство,строительство и архитектура;;
11376;криминал;криминал,право;право;
4958;администрация и управление;спорт;спорт;администрация и управление
7664;администрация и управление;здоровье и медицина;здоровье и медицина;администрация и управление
9258;политика и общественная жизнь;политика и общественная жизнь;;
9049;политика и общественная жизнь;политика и общественная жизнь;;
5752;политика и общественная жизнь;досуг, зрелища и развлечения,спорт;спорт,досуг, зрелища и развлечения;политика и общественная жизнь
5154;частная жизнь,образование;образование;;частная жизнь
10777;здоровье и медицина;администрация и управление;администрация и управление;здоровье и медицина
5829;политика и общественная жизнь;политика и общественная жизнь;;
2091;образование;образование;;
1328;политика и общественная жизнь;политика и общественная жизнь;;
6529;социология,наука и технологии,политика и общественная жизнь;политика и общественная жизнь;;социология,наука и технологии
5260;политика и общественная жизнь;политика и общественная жизнь;;
9141;политика и общественная жизнь;политика и общественная жизнь;;
2014;политика и общественная жизнь;политика и общественная жизнь;;
8185;сельское хозяйство;сельское хозяйство;;
10313;образование;администрация и управление;администрация и управление;образование
10281;экономика,бизнес,бизнес, коммерция, экономика, финансы,политика и общественная жизнь;политика и общественная жизнь;;бизнес,экономика,бизнес, коммерция, экономика, финансы
3402;политика и общественная жизнь;политика и общественная жизнь;;
8862;политика и общественная жизнь;политика и общественная жизнь;;
8899;частная жизнь;политика и общественная жизнь;политика и общественная жизнь;частная жизнь
7423;частная жизнь;политика и общественная жизнь;политика и общественная жизнь;частная жизнь
4229;политика и общественная жизнь;политика и общественная жизнь;;
9212;политика и общественная жизнь;политика и общественная жизнь;;
9644;политика и общественная жизнь;политика и общественная жизнь;;
3148;политика и общественная жизнь;спорт;спорт;политика и общественная жизнь
6476;транспорт,спорт;транспорт,право,спорт;право;
4083;искусство и культура,политика и общественная жизнь;искусство и культура;;политика и общественная жизнь
8202;экономика,бизнес,бизнес, коммерция, экономика, финансы,политика и общественная жизнь;бизнес,экономика,бизнес, коммерция, экономика, финансы;;политика и общественная жизнь
4554;политика и общественная жизнь;политика и общественная жизнь;;
4815;политика и общественная жизнь;экономика,бизнес, коммерция, экономика, финансы;бизнес, коммерция, экономика, финансы,экономика;политика и общественная жизнь
1758;частная жизнь;наука и технологии;наука и технологии;частная жизнь
5512;здоровье и медицина,досуг, зрелища и развлечения;политика и общественная жизнь;политика и общественная жизнь;здоровье и медицина,досуг, зрелища и развлечения
7933;частная жизнь;политика и общественная жизнь,частная жизнь;политика и общественная жизнь;
11451;путешествия,религия,политика и общественная жизнь;наука и технологии,история;наука и технологии,история;путешествия,политика и общественная жизнь,религия
9803;администрация и управление;администрация и управление;;
3861;техника,экономика,бизнес,бизнес, коммерция, экономика, финансы;администрация и управление,техника;администрация и управление;бизнес,экономика,бизнес, коммерция, экономика, финансы
4352;политика и общественная жизнь;политика и общественная жизнь;;
305;спорт;спорт;;
5311;искусство и культура;строительство;строительство;искусство и культура
2357;искусство и культура;искусство и культура;;
374;спорт;спорт;;
8122;история,наука и технологии;наука и технологии,история;;
10948;политика и общественная жизнь;политика и общественная жизнь;;
6348;политика и общественная жизнь;политика и общественная жизнь;;
6942;техника;техника;;
3438;экономика,бизнес,бизнес, коммерция, экономика, финансы;строительство и архитектура;строительство и архитектура;бизнес,экономика,бизнес, коммерция, экономика, финансы
4755;политика и общественная жизнь;происшествия,политика и общественная жизнь,природа;происшествия,природа;
3222;досуг, зрелища и развлечения;досуг, зрелища и развлечения;;
5785;спорт;частная жизнь;частная жизнь;спорт
415;здоровье и медицина;досуг, зрелища и развлечения;досуг, зрелища и развлечения;здоровье и медицина
864;политика и общественная жизнь;частная жизнь;частная жизнь;политика и общественная жизнь
2800;администрация и управление,спорт;администрация и управление;;спорт
10518;наука и технологии;строительство,строительство и архитектура;строительство,строительство и архитектура;наука и технологии
10541;политика и общественная жизнь;политика и общественная жизнь;;
10863;политика и общественная жизнь;политика и общественная жизнь;;
5784;здоровье и медицина;наука и технологии;наука и технологии;здоровье и медицина
3857;политика и общественная жизнь;администрация и управление,политика и общественная жизнь;администрация и управление;
8325;политика и общественная жизнь;политика и общественная жизнь;;
579;сельское хозяйство;сельское хозяйство;;
4210;строительство и архитектура,сельское хозяйство,строительство;сельское хозяйство;;строительство и архитектура,строительство
966;политика и общественная жизнь;политика и общественная жизнь;;
1513;право,экономика,бизнес,бизнес, коммерция, экономика, финансы;бизнес,политика и общественная жизнь,право,бизнес, коммерция, экономика, финансы;политика и общественная жизнь;экономика
9917;администрация и управление;администрация и управление;;
1319;политика и общественная жизнь;политика и общественная жизнь;;
9734;энергетика,экономика,бизнес,бизнес, коммерция, экономика, финансы;политика и общественная жизнь,энергетика;политика и общественная жизнь;бизнес,экономика,бизнес, коммерция, экономика, финансы
9997;здоровье и медицина;здоровье и медицина;;
10392;образование;образование;;
1768;частная жизнь,искусство и культура;частная жизнь;;искусство и культура
1060;политика и общественная жизнь;политика и общественная жизнь,право;право;
1959;происшествия;происшествия;;
7791;досуг, зрелища и развлечения;досуг, зрелища и развлечения;;
152;досуг, зрелища и развлечения;досуг, зрелища и развлечения;;
478;досуг, зрелища и развлечения,частная жизнь;спорт;спорт;частная жизнь,досуг, зрелища и развлечения
11445;строительство и архитектура,строительство;строительство,строительство и архитектура;;
4862;политика и общественная жизнь;политика и общественная жизнь;;
587;политика и общественная жизнь;политика и общественная жизнь;;
2504;экономика,бизнес,бизнес, коммерция, экономика, финансы;бизнес, коммерция, экономика, финансы;;бизнес,экономика
1286;политика и общественная жизнь;политика и общественная жизнь;;
5460;экономика,сельское хозяйство,бизнес,бизнес, коммерция, экономика, финансы;сельское хозяйство;;бизнес,экономика,бизнес, коммерция, экономика, финансы
1989;политика и общественная жизнь;политика и общественная жизнь;;
7295;политика и общественная жизнь;бизнес,экономика,бизнес, коммерция, экономика, финансы;бизнес,экономика,бизнес, коммерция, экономика, финансы;политика и общественная жизнь
7651;экономика,бизнес,бизнес, коммерция, экономика, финансы;строительство,строительство и архитектура;строительство,строительство и архитектура;бизнес,экономика,бизнес, коммерция, экономика, финансы
8565;дом и домашнее хозяйство;дом и домашнее хозяйство;;
11126;частная жизнь;частная жизнь;;
3236;политика и общественная жизнь;политика и общественная жизнь;;
4789;религия;религия;;
5613;спорт;спорт;;
2854;досуг, зрелища и развлечения;дом и домашнее хозяйство;дом и домашнее хозяйство;досуг, зрелища и развлечения
1939;частная жизнь;частная жизнь;;
3005;политика и общественная жизнь;дом и домашнее хозяйство;дом и домашнее хозяйство;политика и общественная жизнь
3041;политика и общественная жизнь;транспорт;транспорт;политика и общественная жизнь
7422;образование;образование;;
7760;политика и общественная жизнь;частная жизнь;частная жизнь;политика и общественная жизнь
4679;политика и общественная жизнь;политика и общественная жизнь;;
4497;досуг, зрелища и развлечения;досуг, зрелища и развлечения;;
4700;экономика,бизнес,бизнес, коммерция, экономика, финансы;политика и общественная жизнь;политика и общественная жизнь;бизнес,экономика,бизнес, коммерция, экономика, финансы
1477;техника,образование;досуг, зрелища и развлечения;досуг, зрелища и развлечения;техника,образование
10937;искусство и культура;искусство и культура;;
8871;спорт;спорт;;
8558;производство;производство;;
2599;образование;образование;;
1351;экономика,бизнес,бизнес, коммерция, экономика, финансы;политика и общественная жизнь;политика и общественная жизнь;бизнес,экономика,бизнес, коммерция, экономика, финансы
3889;политика и общественная жизнь;политика и общественная жизнь;;
3244;криминал;криминал;;
9175;политика и общественная жизнь;политика и общественная жизнь;;
6527;транспорт,политика и общественная жизнь,спорт;транспорт,право,спорт;право;политика и общественная жизнь
11718;частная жизнь;частная жизнь;;
7690;криминал;право;право;криминал
7938;политика и общественная жизнь;политика и общественная жизнь;;
4758;здоровье и медицина,администрация и управление;транспорт;транспорт;здоровье и медицина,администрация и управление
10107;спорт;спорт;;
4666;техника,образование;спорт;спорт;техника,образование
8940;экономика,бизнес,бизнес, коммерция, экономика, финансы;бизнес, коммерция, экономика, финансы;;бизнес,экономика
5368;транспорт,строительство,спорт;строительство;;спорт,транспорт
5837;сельское хозяйство;сельское хозяйство;;
3305;здоровье и медицина,образование;здоровье и медицина;;образование
11704;политика и общественная жизнь;политика и общественная жизнь;;
11037;частная жизнь;частная жизнь;;
6735;здоровье и медицина;политика и общественная жизнь;политика и общественная жизнь;здоровье и медицина
4330;производство;политика и общественная жизнь;политика и общественная жизнь;производство
1618;политика и общественная жизнь;политика и общественная жизнь;;
890;криминал;криминал;;
3483;досуг, зрелища и развлечения;политика и общественная жизнь;политика и общественная жизнь;досуг, зрелища и развлечения
9748;строительство и архитектура,строительство;наука и технологии,строительство,строительство и архитектура;наука и технологии;
10577;образование;частная жизнь;частная жизнь;образование
8725;спорт;спорт;;
8535;политика и общественная жизнь;политика и общественная жизнь;;
2889;политика и общественная жизнь;криминал;криминал;политика и общественная жизнь
4140;политика и общественная жизнь;политика и общественная жизнь;;
4811;спорт;спорт;;
1844;здоровье и медицина,происшествия;здоровье и медицина;;происшествия
11380;администрация и управление,образование;политика и общественная жизнь;политика и общественная жизнь;администрация и управление,образование
5355;право,политика и общественная жизнь;политика и общественная жизнь,право;;
4090;природа;политика и общественная жизнь;политика и общественная жизнь;природа
11468;политика и общественная жизнь;политика и общественная жизнь;;
8753;экономика,бизнес,бизнес, коммерция, экономика, финансы;бизнес,экономика,бизнес, коммерция, экономика, финансы;;
11517;администрация и управление;политика и общественная жизнь;политика и общественная жизнь;администрация и управление
9288;политика и общественная жизнь;политика и общественная жизнь;;
8987;энергетика,экономика,бизнес,бизнес, коммерция, экономика, финансы;энергетика;;бизнес,экономика,бизнес, коммерция, экономика, финансы
7851;администрация и управление,транспорт,спорт;транспорт;;спорт,администрация и управление
7206;армия и вооруженные конфликты,политика и общественная жизнь;политика и общественная жизнь;;армия и вооруженные конфликты
480;политика и общественная жизнь;политика и общественная жизнь;;
7721;политика и общественная жизнь;политика и общественная жизнь;;
11538;политика и общественная жизнь;бизнес,экономика;бизнес,экономика;политика и общественная жизнь
6608;политика и общественная жизнь;политика и общественная жизнь;;
2506;криминал;криминал;;
1586;политика и общественная жизнь;политика и общественная жизнь;;
3906;здоровье и медицина,спорт;политика и общественная жизнь;политика и общественная жизнь;спорт,здоровье и медицина
7170;политика и общественная жизнь;администрация и управление;администрация и управление;политика и общественная жизнь
7669;спорт;спорт;;
95;частная жизнь;политика и общественная жизнь;политика и общественная жизнь;частная жизнь
3569;политика и общественная жизнь;природа;природа;политика и общественная жизнь
605;транспорт,спорт;частная жизнь;частная жизнь;спорт,транспорт
11182;образование;образование;;
2576;администрация и управление,техника;техника;;администрация и управление
2155;политика и общественная жизнь;политика и общественная жизнь;;
1716;спорт;спорт;;
3631;транспорт,спорт;досуг, зрелища и развлечения;досуг, зрелища и развлечения;спорт,транспорт
7621;спорт;спорт;;
11344;путешествия;путешествия;;
4016;строительство и архитектура,строительство;частная жизнь;частная жизнь;строительство и архитектура,строительство
4238;администрация и управление,политика и общественная жизнь;бизнес,политика и общественная жизнь,бизнес, коммерция, экономика, финансы;бизнес,бизнес, коммерция, экономика, финансы;администрация и управление
976;политика и общественная жизнь;политика и общественная жизнь;;
10959;производство;бизнес, коммерция, экономика, финансы;бизнес, коммерция, экономика, финансы;производство
6783;дом и домашнее хозяйство,частная жизнь;здоровье и медицина;здоровье и медицина;частная жизнь,дом и домашнее хозяйство
5822;администрация и управление;администрация и управление;;
5093;частная жизнь;политика и общественная жизнь,частная жизнь;политика и общественная жизнь;
10573;экономика,бизнес,бизнес, коммерция, экономика, финансы;экономика,политика и общественная жизнь,бизнес, коммерция, экономика, финансы;политика и общественная жизнь;бизнес
1756;искусство и культура;искусство и культура;;
9386;политика и общественная жизнь;политика и общественная жизнь;;
5506;право,политика и общественная жизнь;бизнес,экономика,политика и общественная жизнь,право,бизнес, коммерция, экономика, финансы;бизнес,экономика,бизнес, коммерция, экономика, финансы;
10811;здоровье и медицина,администрация и управление;частная жизнь;частная жизнь;здоровье и медицина,администрация и управление
3910;здоровье и медицина,частная жизнь;политика и общественная жизнь;политика и общественная жизнь;частная жизнь,здоровье и медицина
4584;политика и общественная жизнь;политика и общественная жизнь;;
5211;досуг, зрелища и развлечения;искусство и культура;искусство и культура;досуг, зрелища и развлечения
2593;спорт;спорт;;
6217;транспорт,политика и общественная жизнь,спорт;администрация и управление,бизнес,транспорт,право,спорт;бизнес,администрация и управление,право;политика и общественная жизнь
6662;спорт;спорт;;
8438;политика и общественная жизнь;политика и общественная жизнь;;
2961;наука и технологии;политика и общественная жизнь;политика и общественная жизнь;наука и технологии
10135;искусство и культура;искусство и культура;;
6171;досуг, зрелища и развлечения;бизнес,экономика,бизнес, коммерция, экономика, финансы;бизнес,экономика,бизнес, коммерция, экономика, финансы;досуг, зрелища и развлечения
4999;администрация и управление;политика и общественная жизнь;политика и общественная жизнь;администрация и управление
1874;право,политика и общественная жизнь;политика и общественная жизнь;;право
5013;политика и общественная жизнь;политика и общественная жизнь;;
5015;искусство и культура;политика и общественная жизнь;политика и общественная жизнь;искусство и культура
1352;природа,политика и общественная жизнь;политика и общественная жизнь;;природа
2265;происшествия;происшествия;;
86;религия;религия;;
11531;экономика,бизнес,бизнес, коммерция, экономика, финансы;бизнес,экономика,бизнес, коммерция, экономика, финансы;;
2921;администрация и управление;бизнес,экономика,бизнес, коммерция, экономика, финансы;бизнес,экономика,бизнес, коммерция, экономика, финансы;администрация и управление
995;политика и общественная жизнь;политика и общественная жизнь;;
9749;искусство и культура;искусство и культура;;
5291;дом и домашнее хозяйство;политика и общественная жизнь;политика и общественная жизнь;дом и домашнее хозяйство
3218;право;политика и общественная жизнь;политика и общественная жизнь;право
7022;здоровье и медицина,образование;здоровье и медицина;;образование
11020;криминал;криминал;;
2975;политика и общественная жизнь;здоровье и медицина;здоровье и медицина;политика и общественная жизнь
4835;право;право;;
4899;спорт;спорт;;
6056;политика и общественная жизнь;администрация и управление;администрация и управление;политика и общественная жизнь
11783;криминал;криминал;;
8089;спорт;спорт;;
2911;экология;экология;;
8760;наука и технологии;наука и технологии;;
3283;транспорт,спорт;спорт;;транспорт
5050;искусство и культура;искусство и культура;;
9235;экономика,бизнес,бизнес, коммерция, экономика, финансы;политика и общественная жизнь;политика и общественная жизнь;бизнес,экономика,бизнес, коммерция, экономика, финансы
3304;происшествия;криминал;криминал;происшествия
10691;досуг, зрелища и развлечения;искусство и культура;искусство и культура;досуг, зрелища и развлечения
370;криминал;криминал;;
6231;право;политика и общественная жизнь,право;политика и общественная жизнь;
2313;криминал;экономика;экономика;криминал
7122;дом и домашнее хозяйство,частная жизнь;частная жизнь;;дом и домашнее хозяйство
6888;досуг, зрелища и развлечения;досуг, зрелища и развлечения;;
2899;экономика,бизнес,бизнес, коммерция, экономика, финансы;бизнес,экономика,бизнес, коммерция, экономика, финансы;;
6154;администрация и управление;администрация и управление,строительство и архитектура,право;право,строительство и архитектура;
6453;администрация и управление;администрация и управление,строительство,транспорт,строительство и архитектура;строительство,транспорт,строительство и архитектура;
9210;путешествия,политика и общественная жизнь;путешествия;;политика и общественная жизнь
8778;администрация и управление;политика и общественная жизнь;политика и общественная жизнь;администрация и управление
2040;природа;природа;;
6652;политика и общественная жизнь;политика и общественная жизнь;;
5308;право;право;;
11636;производство;экономика;экономика;производство
1785;администрация и управление;администрация и управление,политика и общественная жизнь;политика и общественная жизнь;
10132;образование;образование;;
879;криминал;бизнес,экономика,криминал,бизнес, коммерция, экономика, финансы;бизнес,экономика,бизнес, коммерция, экономика, финансы;
248;администрация и управление;администрация и управление;;
8703;наука и технологии;наука и технологии;;
302;криминал;политика и общественная жизнь;политика и общественная жизнь;криминал
2085;происшествия;происшествия;;
3896;администрация и управление,лесное хозяйство;администрация и управление;;лесное хозяйство
6027;экономика,бизнес,бизнес, коммерция, экономика, финансы;бизнес,экономика,бизнес, коммерция, экономика, финансы;;
6778;право,политика и общественная жизнь;политика и общественная жизнь,право;;
1272;право;право;;
5997;образование;политика и общественная жизнь,образование;политика и общественная жизнь;
3214;политика и общественная жизнь;политика и общественная жизнь;;
3355;экономика,бизнес,бизнес, коммерция, экономика, финансы;дом и домашнее хозяйство;дом и домашнее хозяйство;бизнес,экономика,бизнес, коммерция, экономика, финансы
5688;искусство и культура;политика и общественная жизнь;политика и общественная жизнь;искусство и культура
1387;право;политика и общественная жизнь;политика и общественная жизнь;право
2806;наука и технологии;политика и общественная жизнь;политика и общественная жизнь;наука и технологии
4813;наука и технологии;здоровье и медицина;здоровье и медицина;наука и технологии
2828;спорт;спорт;;
10329;частная жизнь;частная жизнь;;
7326;здоровье и медицина;здоровье и медицина;;
545;досуг, зрелища и развлечения,политика и общественная жизнь;искусство и культура;искусство и культура;политика и общественная жизнь,досуг, зрелища и развлечения
11486;частная жизнь;искусство и культура,частная жизнь;искусство и культура;
7256;искусство и культура;искусство и культура;;
6415;производство;производство;;
592;происшествия;происшествия;;
9358;политика и общественная жизнь;политика и общественная жизнь;;
756;происшествия;криминал;криминал;происшествия
10560;частная жизнь,религия;религия;;частная жизнь
3107;производство;администрация и управление;администрация и управление;производство
5334;экономика,бизнес,бизнес, коммерция, экономика, финансы;политика и общественная жизнь;политика и общественная жизнь;бизнес,экономика,бизнес, коммерция, экономика, финансы
10464;строительство и архитектура,строительство;строительство,строительство и архитектура;;
7281;право,экономика,бизнес,бизнес, коммерция, экономика, финансы,политика и общественная жизнь;политика и общественная жизнь,право;;бизнес,экономика,бизнес, коммерция, экономика, финансы
4377;искусство и культура;искусство и культура;;
8297;экономика,бизнес,бизнес, коммерция, экономика, финансы;бизнес,экономика,бизнес, коммерция, экономика, финансы;;
2532;криминал;криминал;;
1812;политика и общественная жизнь;политика и общественная жизнь;;
2322;здоровье и медицина,статистика,наука и технологии;здоровье и медицина;;наука и технологии,статистика
3791;политика и общественная жизнь;политика и общественная жизнь;;
8384;образование,искусство и культура;искусство и культура;;образование
9616;экономика,бизнес,бизнес, коммерция, экономика, финансы;бизнес,экономика,бизнес, коммерция, экономика, финансы;;
2015;досуг, зрелища и развлечения;бизнес,бизнес, коммерция, экономика, финансы;бизнес,бизнес, коммерция, экономика, финансы;досуг, зрелища и развлечения
2496;природа,политика и общественная жизнь;политика и общественная жизнь;;природа
6722;производство;бизнес, коммерция, экономика, финансы;бизнес, коммерция, экономика, финансы;производство
7758;образование;образование;;
5906;политика и общественная жизнь;политика и общественная жизнь;;
11022;экономика,бизнес,бизнес, коммерция, экономика, финансы;экономика;;бизнес,бизнес, коммерция, экономика, финансы
10942;частная жизнь;политика и общественная жизнь;политика и общественная жизнь;частная жизнь
11791;криминал;право;право;криминал
11474;история,политика и общественная жизнь;политика и общественная жизнь;;история
1944;политика и общественная жизнь;политика и общественная жизнь;;
1388;религия;религия;;
7893;политика и общественная жизнь;политика и общественная жизнь;;
7503;строительство и архитектура,техника,строительство;политика и общественная жизнь;политика и общественная жизнь;техника,строительство и архитектура,строительство
5855;экономика,бизнес,бизнес, коммерция, экономика, финансы;политика и общественная жизнь;политика и общественная жизнь;бизнес,экономика,бизнес, коммерция, экономика, финансы
8298;политика и общественная жизнь;политика и общественная жизнь;;
7696;искусство и культура;искусство и культура;;
5869;право,администрация и управление;транспорт,право,спорт;спорт,транспорт;администрация и управление
6350;политика и общественная жизнь;политика и общественная жизнь;;
11245;сельское хозяйство;администрация и управление,бизнес,экономика,бизнес, коммерция, экономика, финансы;бизнес,экономика,администрация и управление,бизнес, коммерция, экономика, финансы;сельское хозяйство
5701;политика и общественная жизнь;спорт;спорт;политика и общественная жизнь
829;путешествия;политика и общественная жизнь;политика и общественная жизнь;путешествия
5193;досуг, зрелища и развлечения,искусство и культура;искусство и культура;;досуг, зрелища и развлечения
11188;энергетика,экономика,бизнес,бизнес, коммерция, экономика, финансы;энергетика;;бизнес,экономика,бизнес, коммерция, экономика, финансы
1858;экономика,бизнес,бизнес, коммерция, экономика, финансы;бизнес,экономика,бизнес, коммерция, экономика, финансы;;
2080;дом и домашнее хозяйство;дом и домашнее хозяйство;;
10028;энергетика,администрация и управление;строительство,энергетика;строительство;администрация и управление
2152;искусство и культура;искусство и культура;;
3812;администрация и управление;бизнес;бизнес;администрация и управление
5950;строительство и архитектура,строительство;администрация и управление;администрация и управление;строительство и архитектура,строительство
9230;экономика,сельское хозяйство,бизнес,бизнес, коммерция, экономика, финансы;администрация и управление;администрация и управление;бизнес,экономика,сельское хозяйство,бизнес, коммерция, экономика, финансы
537;частная жизнь;политика и общественная жизнь;политика и общественная жизнь;частная жизнь
4100;экономика,бизнес,бизнес, коммерция, экономика, финансы;бизнес,экономика,бизнес, коммерция, экономика, финансы;;
1240;политика и общественная жизнь;строительство и архитектура;строительство и архитектура;политика и общественная жизнь
5480;религия;религия;;
1861;спорт;спорт;;
7099;образование;образование,армия и вооруженные конфликты;армия и вооруженные конфликты;
5615;дом и домашнее хозяйство;дом и домашнее хозяйство;;
4393;политика и общественная жизнь;политика и общественная жизнь;;
8865;политика и общественная жизнь;образование;образование;политика и общественная жизнь
9659;администрация и управление;политика и общественная жизнь;политика и общественная жизнь;администрация и управление
9449;армия и вооруженные конфликты;политика и общественная жизнь;политика и общественная жизнь;армия и вооруженные конфликты
8681;частная жизнь;строительство и архитектура;строительство и архитектура;частная жизнь
11391;политика и общественная жизнь;политика и общественная жизнь;;
825;политика и общественная жизнь;администрация и управление,политика и общественная жизнь;администрация и управление;
5095;политика и общественная жизнь;политика и общественная жизнь;;
2567;здоровье и медицина;здоровье и медицина;;
8059;экономика,бизнес,бизнес, коммерция, экономика, финансы;бизнес,экономика,бизнес, коммерция, экономика, финансы;;
10139;администрация и управление,экономика,бизнес,бизнес, коммерция, экономика, финансы;бизнес, коммерция, экономика, финансы;;бизнес,экономика,администрация и управление
9787;строительство и архитектура,строительство;строительство,строительство и архитектура;;
3258;искусство и культура;политика и общественная жизнь;политика и общественная жизнь;искусство и культура
4612;право;бизнес,экономика,право,бизнес, коммерция, экономика, финансы;бизнес,экономика,бизнес, коммерция, экономика, финансы;
11418;искусство и культура;искусство и культура;;
11518;частная жизнь;частная жизнь;;
10729;администрация и управление;частная жизнь;частная жизнь;администрация и управление
11477;частная жизнь;частная жизнь;;
1291;здоровье и медицина;политика и общественная жизнь;политика и общественная жизнь;здоровье и медицина
7617;путешествия;политика и общественная жизнь,право;политика и общественная жизнь,право;путешествия
2435;транспорт,спорт;политика и общественная жизнь,транспорт,спорт;политика и общественная жизнь;
8489;политика и общественная жизнь;политика и общественная жизнь;;
3845;политика и общественная жизнь;политика и общественная жизнь;;
1969;администрация и управление;политика и общественная жизнь;политика и общественная жизнь;администрация и управление
5590;политика и общественная жизнь;техника;техника;политика и общественная жизнь
1087;частная жизнь,наука и технологии,искусство и культура;техника;техника;искусство и культура,частная жизнь,наука и технологии
9894;политика и общественная жизнь;бизнес, коммерция, экономика, финансы;бизнес, коммерция, экономика, финансы;политика и общественная жизнь
162;политика и общественная жизнь,спорт;политика и общественная жизнь,спорт;;
1807;политика и общественная жизнь;политика и общественная жизнь;;
8201;искусство и культура,религия;частная жизнь;частная жизнь;искусство и культура,религия
10692;экономика,бизнес,бизнес, коммерция, экономика, финансы;бизнес,экономика,бизнес, коммерция, экономика, финансы;;
6760;право,политика и общественная жизнь;политика и общественная жизнь,право;;
3142;здоровье и медицина;здоровье и медицина;;
8767;наука и технологии;частная жизнь;частная жизнь;наука и технологии
2996;право,администрация и управление;право;;администрация и управление
4020;администрация и управление;администрация и управление;;
10302;здоровье и медицина;здоровье и медицина;;
4417;природа;политика и общественная жизнь;политика и общественная жизнь;природа
9738;наука и технологии,образование;образование;;наука и технологии
3689;криминал;криминал;;
9618;строительство и архитектура,строительство;право;право;строительство и архитектура,строительство
3170;искусство и культура;политика и общественная жизнь;политика и общественная жизнь;искусство и культура
5566;сельское хозяйство;сельское хозяйство;;
4678;криминал;политика и общественная жизнь;политика и общественная жизнь;криминал
1740;криминал;криминал;;
8042;искусство и культура;политика и общественная жизнь;политика и общественная жизнь;искусство и культура
8679;дом и домашнее хозяйство;дом и домашнее хозяйство;;
6196;природа,образование;политика и общественная жизнь;политика и общественная жизнь;природа,образование
965;администрация и управление,криминал;криминал;;администрация и управление
6161;досуг, зрелища и развлечения;спорт;спорт;досуг, зрелища и развлечения
198;производство;бизнес;бизнес;производство
10808;криминал;криминал;;
8157;политика и общественная жизнь;политика и общественная жизнь;;
9630;спорт;спорт;;
2410;досуг, зрелища и развлечения;досуг, зрелища и развлечения;;
8958;досуг, зрелища и развлечения,спорт;спорт;;досуг, зрелища и развлечения
2754;техника;техника;;
5235;экономика,бизнес,бизнес, коммерция, экономика, финансы;право;право;бизнес,экономика,бизнес, коммерция, экономика, финансы
10248;образование,политика и общественная жизнь;наука и технологии,история,политика и общественная жизнь;наука и технологии,история;образование
1998;политика и общественная жизнь;политика и общественная жизнь;;
6599;право;право;;
9159;экономика,сельское хозяйство,бизнес,бизнес, коммерция, экономика, финансы;бизнес,сельское хозяйство;;бизнес, коммерция, экономика, финансы,экономика
6733;искусство и культура,религия;искусство и культура,религия;;
8130;спорт;спорт;;
7966;право;транспорт,право,спорт;спорт,транспорт;
746;политика и общественная жизнь;спорт;спорт;политика и общественная жизнь
1609;экономика,криминал,бизнес,бизнес, коммерция, экономика, финансы;криминал;;бизнес,экономика,бизнес, коммерция, экономика, финансы
6187;политика и общественная жизнь;политика и общественная жизнь;;
11686;частная жизнь;частная жизнь;;
2303;экономика,бизнес,бизнес, коммерция, экономика, финансы;экономика;;бизнес,бизнес, коммерция, экономика, финансы
11176;экономика,бизнес,бизнес, коммерция, экономика, финансы;бизнес,экономика,бизнес, коммерция, экономика, финансы;;
8504;политика и общественная жизнь;политика и общественная жизнь;;
8505;строительство и архитектура,строительство;строительство,строительство и архитектура;;
4747;политика и общественная жизнь;политика и общественная жизнь;;
1850;криминал;транспорт,спорт;спорт,транспорт;криминал
10770;политика и общественная жизнь;политика и общественная жизнь;;
5454;политика и общественная жизнь;политика и общественная жизнь;;
8365;армия и вооруженные конфликты;армия и вооруженные конфликты;;
10175;экономика,бизнес,бизнес, коммерция, экономика, финансы;политика и общественная жизнь;политика и общественная жизнь;бизнес,экономика,бизнес, коммерция, экономика, финансы
259;образование;образование;;
6580;искусство и культура;искусство и культура;;
1956;происшествия;происшествия;;
1113;криминал;политика и общественная жизнь;политика и общественная жизнь;криминал
4108;экономика,бизнес,бизнес, коммерция, экономика, финансы;бизнес,экономика,бизнес, коммерция, экономика, финансы;;
10899;строительство и архитектура,строительство;наука и технологии,строительство,строительство и архитектура;наука и технологии;
5335;криминал;криминал;;
5417;здоровье и медицина,политика и общественная жизнь;политика и общественная жизнь;;здоровье и медицина
1922;администрация и управление;администрация и управление,политика и общественная жизнь;политика и общественная жизнь;
8690;наука и технологии;строительство,строительство и архитектура;строительство,строительство и архитектура;наука и технологии
11127;сельское хозяйство,политика и общественная жизнь;сельское хозяйство;;политика и общественная жизнь
4217;сельское хозяйство;сельское хозяйство;;
7576;частная жизнь;строительство,строительство и архитектура;строительство,строительство и архитектура;частная жизнь
6372;политика и общественная жизнь;политика и общественная жизнь;;
7833;экономика,бизнес,бизнес, коммерция, экономика, финансы;экономика;;бизнес,бизнес, коммерция, экономика, финансы
10172;политика и общественная жизнь;политика и общественная жизнь;;
2875;сельское хозяйство;сельское хозяйство;;
7671;политика и общественная жизнь;политика и общественная жизнь;;
7533;политика и общественная жизнь;природа;природа;политика и общественная жизнь
2176;криминал;криминал;;
4084;образование;образование,армия и вооруженные конфликты;армия и вооруженные конфликты;
2888;искусство и культура;искусство и культура;;
6169;экономика,бизнес,бизнес, коммерция, экономика, финансы;образование;образование;бизнес,экономика,бизнес, коммерция, экономика, финансы
7891;искусство и культура;искусство и культура;;
3083;транспорт,спорт;администрация и управление,транспорт,спорт;администрация и управление;
4557;политика и общественная жизнь;администрация и управление;администрация и управление;политика и общественная жизнь
7739;политика и общественная жизнь;политика и общественная жизнь;;
2110;экономика,бизнес,бизнес, коммерция, экономика, финансы;строительство;строительство;бизнес,экономика,бизнес, коммерция, экономика, финансы
9689;энергетика;строительство,энергетика;строительство;
2376;политика и общественная жизнь;политика и общественная жизнь;;
262;частная жизнь;политика и общественная жизнь;политика и общественная жизнь;частная жизнь
9126;производство;производство;;
3229;политика и общественная жизнь;сельское хозяйство;сельское хозяйство;политика и общественная жизнь
10024;искусство и культура;искусство и культура;;
4207;транспорт,спорт;транспорт,спорт;;
1554;сельское хозяйство,политика и общественная жизнь;сельское хозяйство,политика и общественная жизнь;;
8362;образование;образование;;
9712;экономика,бизнес,бизнес, коммерция, экономика, финансы;экономика;;бизнес,бизнес, коммерция, экономика, финансы
9312;дом и домашнее хозяйство;дом и домашнее хозяйство;;
5232;здоровье и медицина;здоровье и медицина;;
4946;политика и общественная жизнь;политика и общественная жизнь;;
8810;производство;экономика,бизнес, коммерция, экономика, финансы;бизнес, коммерция, экономика, финансы,экономика;производство
9982;экономика,криминал,бизнес,бизнес, коммерция, экономика, финансы;бизнес,экономика,криминал,бизнес, коммерция, экономика, финансы;;
10643;частная жизнь,политика и общественная жизнь;частная жизнь;;политика и общественная жизнь
11618;производство;производство,бизнес,экономика,бизнес, коммерция, экономика, финансы;бизнес,экономика,бизнес, коммерция, экономика, финансы;
1499;происшествия;происшествия;;
2351;политика и общественная жизнь;криминал;криминал;политика и общественная жизнь
9251;транспорт,история,наука и технологии,спорт;транспорт,спорт;;наука и технологии,история
9933;администрация и управление;администрация и управление,бизнес,экономика,бизнес, коммерция, экономика, финансы;бизнес,экономика,бизнес, коммерция, экономика, финансы;
5793;экология;экология;;
3954;право,экономика,бизнес,бизнес, коммерция, экономика, финансы,политика и общественная жизнь;политика и общественная жизнь,право,бизнес, коммерция, экономика, финансы;;бизнес,экономика
1016;происшествия;происшествия;;
2954;право;право;;
9303;политика и общественная жизнь;политика и общественная жизнь;;
7959;искусство и культура;искусство и культура;;
10924;политика и общественная жизнь;здоровье и медицина;здоровье и медицина;политика и общественная жизнь
4541;экономика,бизнес,бизнес, коммерция, экономика, финансы;бизнес,экономика,бизнес, коммерция, экономика, финансы;;
7184;здоровье и медицина;здоровье и медицина;;
9244;дом и домашнее хозяйство;дом и домашнее хозяйство;;
8045;политика и общественная жизнь;искусство и культура;искусство и культура;политика и общественная жизнь
5975;экономика,бизнес,бизнес, коммерция, экономика, финансы;политика и общественная жизнь;политика и общественная жизнь;бизнес,экономика,бизнес, коммерция, экономика, финансы
10663;досуг, зрелища и развлечения,искусство и культура;администрация и управление;администрация и управление;искусство и культура,досуг, зрелища и развлечения
11142;политика и общественная жизнь;политика и общественная жизнь;;
1776;происшествия;религия;религия;происшествия
10378;дом и домашнее хозяйство;дом и домашнее хозяйство;;
7306;политика и общественная жизнь;политика и общественная жизнь;;
4441;экономика,бизнес,бизнес, коммерция, экономика, финансы;бизнес,экономика,бизнес, коммерция, экономика, финансы;;
9361;искусство и культура;искусство и культура;;
11699;политика и общественная жизнь;политика и общественная жизнь;;
1080;спорт;спорт;;
4432;политика и общественная жизнь;политика и общественная жизнь;;
6340;политика и общественная жизнь;администрация и управление;администрация и управление;политика и общественная жизнь
7993;строительство и архитектура,строительство;строительство,строительство и архитектура;;
10564;дом и домашнее хозяйство;дом и домашнее хозяйство;;
7699;здоровье и медицина,политика и общественная жизнь;право;право;здоровье и медицина,политика и общественная жизнь
1226;спорт;спорт;;
10571;происшествия;наука и технологии;наука и технологии;происшествия
10506;здоровье и медицина;здоровье и медицина;;
6498;строительство и архитектура,строительство;строительство и архитектура;;строительство
8950;досуг, зрелища и развлечения;частная жизнь;частная жизнь;досуг, зрелища и развлечения
7692;строительство и архитектура,строительство;администрация и управление,бизнес;бизнес,администрация и управление;строительство и архитектура,строительство
4522;политика и общественная жизнь;политика и общественная жизнь;;
4648;досуг, зрелища и развлечения;досуг, зрелища и развлечения;;
10860;администрация и управление,экономика,бизнес,бизнес, коммерция, экономика, финансы;политика и общественная жизнь;политика и общественная жизнь;бизнес,экономика,администрация и управление,бизнес, коммерция, экономика, финансы
4476;экономика,бизнес,бизнес, коммерция, экономика, финансы;политика и общественная жизнь;политика и общественная жизнь;бизнес,экономика,бизнес, коммерция, экономика, финансы
20;экономика,досуг, зрелища и развлечения,бизнес,бизнес, коммерция, экономика, финансы;бизнес,экономика,политика и общественная жизнь,бизнес, коммерция, экономика, финансы;политика и общественная жизнь;досуг, зрелища и развлечения
9150;экономика,бизнес,бизнес, коммерция, экономика, финансы;производство;производство;бизнес,экономика,бизнес, коммерция, экономика, финансы
6273;политика и общественная жизнь;политика и общественная жизнь;;
7759;здоровье и медицина,политика и общественная жизнь;здоровье и медицина,политика и общественная жизнь;;
2619;частная жизнь;политика и общественная жизнь,частная жизнь;политика и общественная жизнь;
8577;досуг, зрелища и развлечения;частная жизнь;частная жизнь;досуг, зрелища и развлечения
10526;спорт;спорт;;
5445;политика и общественная жизнь;политика и общественная жизнь;;
522;дом и домашнее хозяйство;политика и общественная жизнь;политика и общественная жизнь;дом и домашнее хозяйство
7398;сельское хозяйство;природа;природа;сельское хозяйство
11288;путешествия;путешествия;;
7168;сельское хозяйство;сельское хозяйство;;
2416;администрация и управление;происшествия;происшествия;администрация и управление
7517;право,частная жизнь;политика и общественная жизнь;политика и общественная жизнь;частная жизнь,право
3996;религия;религия;;
5009;экономика,бизнес,бизнес, коммерция, экономика, финансы;бизнес,экономика,бизнес, коммерция, экономика, финансы;;
6811;досуг, зрелища и развлечения;администрация и управление;администрация и управление;досуг, зрелища и развлечения
3613;здоровье и медицина;здоровье и медицина;;
7314;политика и общественная жизнь;политика и общественная жизнь;;
629;частная жизнь;политика и общественная жизнь;политика и общественная жизнь;частная жизнь
3870;политика и общественная жизнь;политика и общественная жизнь;;
5219;криминал;криминал;;
5145;экономика,бизнес,бизнес, коммерция, экономика, финансы;производство;производство;бизнес,экономика,бизнес, коммерция, экономика, финансы
10800;политика и общественная жизнь;политика и общественная жизнь;;
872;здоровье и медицина;здоровье и медицина;;
10533;искусство и культура;искусство и культура;;
6588;частная жизнь;криминал;криминал;частная жизнь
3164;транспорт,политика и общественная жизнь,спорт;политика и общественная жизнь;;спорт,транспорт
3573;политика и общественная жизнь;политика и общественная жизнь;;
1128;политика и общественная жизнь;политика и общественная жизнь;;
11018;строительство и архитектура,строительство;наука и технологии;наука и технологии;строительство и архитектура,строительство
133;природа,лесное хозяйство;природа;;лесное хозяйство
10625;искусство и культура;искусство и культура;;
5195;экология;бизнес,экономика,бизнес, коммерция, экономика, финансы;бизнес,экономика,бизнес, коммерция, экономика, финансы;экология
11070;искусство и культура;политика и общественная жизнь;политика и общественная жизнь;искусство и культура
6796;здоровье и медицина;здоровье и медицина;;
11586;производство;бизнес;бизнес;производство
8515;политика и общественная жизнь;политика и общественная жизнь;;
5707;здоровье и медицина;здоровье и медицина;;
8289;политика и общественная жизнь;политика и общественная жизнь;;
4949;политика и общественная жизнь;политика и общественная жизнь;;
5963;криминал;криминал;;
1168;криминал;экономика,криминал,бизнес, коммерция, экономика, финансы;бизнес, коммерция, экономика, финансы,экономика;
9006;администрация и управление;администрация и управление;;
11764;частная жизнь;бизнес,экономика,бизнес, коммерция, экономика, финансы;бизнес,экономика,бизнес, коммерция, экономика, финансы;частная жизнь
10091;строительство и архитектура,строительство;строительство,строительство и архитектура;;
9801;досуг, зрелища и развлечения;досуг, зрелища и развлечения;;
5659;строительство и архитектура,строительство;строительство,строительство и архитектура;;
7211;право,политика и общественная жизнь;право;;политика и общественная жизнь
261;происшествия;происшествия;;
862;экономика,бизнес,бизнес, коммерция, экономика, финансы;экономика;;бизнес,бизнес, коммерция, экономика, финансы
8126;искусство и культура;искусство и культура,политика и общественная жизнь;политика и общественная жизнь;
5251;досуг, зрелища и развлечения;путешествия;путешествия;досуг, зрелища и развлечения
10424;экономика,бизнес,бизнес, коммерция, экономика, финансы;политика и общественная жизнь;политика и общественная жизнь;бизнес,экономика,бизнес, коммерция, экономика, финансы
4804;администрация и управление;администрация и управление;;
4214;искусство и культура;частная жизнь;частная жизнь;искусство и культура
10276;искусство и культура;искусство и культура;;
4312;политика и общественная жизнь;политика и общественная жизнь;;
2068;транспорт,политика и общественная жизнь,спорт;политика и общественная жизнь,транспорт;;спорт
5544;политика и общественная жизнь;администрация и управление,политика и общественная жизнь;администрация и управление;
3286;образование,политика и общественная жизнь;политика и общественная жизнь;;образование
11169;политика и общественная жизнь;политика и общественная жизнь;;
9074;администрация и управление;политика и общественная жизнь;политика и общественная жизнь;администрация и управление
6621;искусство и культура;искусство и культура;;
8776;администрация и управление,сельское хозяйство;администрация и управление,сельское хозяйство;;
5164;экономика,бизнес,бизнес, коммерция, экономика, финансы;политика и общественная жизнь;политика и общественная жизнь;бизнес,экономика,бизнес, коммерция, экономика, финансы
1599;экономика,бизнес,бизнес, коммерция, экономика, финансы,политика и общественная жизнь;бизнес,экономика,политика и общественная жизнь,бизнес, коммерция, экономика, финансы;;
379;происшествия;происшествия;;
3373;экономика,бизнес,бизнес, коммерция, экономика, финансы;бизнес,экономика,бизнес, коммерция, экономика, финансы;;
7402;администрация и управление;бизнес, коммерция, экономика, финансы;бизнес, коммерция, экономика, финансы;администрация и управление
457;политика и общественная жизнь;политика и общественная жизнь;;
9985;политика и общественная жизнь;политика и общественная жизнь;;
3965;политика и общественная жизнь;наука и технологии,политика и общественная жизнь,статистика;наука и технологии,статистика;
286;администрация и управление;политика и общественная жизнь;политика и общественная жизнь;администрация и управление
6957;политика и общественная жизнь;наука и технологии;наука и технологии;политика и общественная жизнь
1104;происшествия;происшествия;;
9158;образование,политика и общественная жизнь;политика и общественная жизнь;;образование
8191;криминал;криминал;;
7298;наука и технологии;наука и технологии;;
8583;производство;бизнес,экономика,бизнес, коммерция, экономика, финансы;бизнес,экономика,бизнес, коммерция, экономика, финансы;производство
3779;образование;политика и общественная жизнь,образование;политика и общественная жизнь;
9918;досуг, зрелища и развлечения;досуг, зрелища и развлечения;;
3811;производство;производство;;
4447;частная жизнь;частная жизнь;;
3319;история,армия и вооруженные конфликты;история,армия и вооруженные конфликты;;
1639;политика и общественная жизнь;политика и общественная жизнь;;
6015;экономика,бизнес,бизнес, коммерция, экономика, финансы;бизнес,экономика,бизнес, коммерция, экономика, финансы;;
11525;политика и общественная жизнь;политика и общественная жизнь;;
10803;политика и общественная жизнь;политика и общественная жизнь;;
10484;строительство и архитектура,строительство;строительство,строительство и архитектура;;
8713;производство;производство,бизнес,экономика,бизнес, коммерция, экономика, финансы;бизнес,экономика,бизнес, коммерция, экономика, финансы;
11483;частная жизнь;наука и технологии;наука и технологии;частная жизнь
9054;искусство и культура;искусство и культура;;
455;политика и общественная жизнь;политика и общественная жизнь;;
5753;сельское хозяйство,образование;дом и домашнее хозяйство,сельское хозяйство;дом и домашнее хозяйство;образование
4819;политика и общественная жизнь;политика и общественная жизнь;;
2246;происшествия;транспорт,спорт;спорт,транспорт;происшествия
9900;искусство и культура;искусство и культура,политика и общественная жизнь;политика и общественная жизнь;
1465;политика и общественная жизнь;политика и общественная жизнь;;
4538;политика и общественная жизнь;политика и общественная жизнь;;
4123;искусство и культура;искусство и культура;;
1796;криминал;криминал;;
5265;дом и домашнее хозяйство;дом и домашнее хозяйство;;
9217;политика и общественная жизнь;политика и общественная жизнь,транспорт;транспорт;
745;транспорт,спорт;транспорт,спорт;;
1195;политика и общественная жизнь;экономика;экономика;политика и общественная жизнь
43;частная жизнь;частная жизнь;;
10202;политика и общественная жизнь;политика и общественная жизнь;;
5170;образование;образование;;
6225;экономика,бизнес,бизнес, коммерция, экономика, финансы;экономика;;бизнес,бизнес, коммерция, экономика, финансы
10467;политика и общественная жизнь;политика и общественная жизнь;;
8260;экономика,производство,бизнес,бизнес, коммерция, экономика, финансы;производство;;бизнес,экономика,бизнес, коммерция, экономика, финансы
589;политика и общественная жизнь;политика и общественная жизнь;;
8406;экономика,бизнес,бизнес, коммерция, экономика, финансы;экономика,бизнес, коммерция, экономика, финансы;;бизнес
5536;досуг, зрелища и развлечения,образование;досуг, зрелища и развлечения,образование;;
9371;право;политика и общественная жизнь,право;политика и общественная жизнь;
11722;политика и общественная жизнь;бизнес,экономика,бизнес, коммерция, экономика, финансы;бизнес,экономика,бизнес, коммерция, экономика, финансы;политика и общественная жизнь
9021;политика и общественная жизнь;политика и общественная жизнь;;
8022;наука и технологии;строительство и архитектура;строительство и архитектура;наука и технологии
1248;армия и вооруженные конфликты,политика и общественная жизнь;политика и общественная жизнь;;армия и вооруженные конфликты
2684;досуг, зрелища и развлечения;досуг, зрелища и развлечения;;
4159;политика и общественная жизнь;политика и общественная жизнь;;
11246;администрация и управление;бизнес,экономика,политика и общественная жизнь,бизнес, коммерция, экономика, финансы;бизнес,экономика,политика и общественная жизнь,бизнес, коммерция, экономика, финансы;администрация и управление
3169;криминал;политика и общественная жизнь;политика и общественная жизнь;криминал
10335;здоровье и медицина,политика и общественная жизнь;здоровье и медицина;;политика и общественная жизнь
8684;политика и общественная жизнь;бизнес,экономика,бизнес, коммерция, экономика, финансы;бизнес,экономика,бизнес, коммерция, экономика, финансы;политика и общественная жизнь
11653;частная жизнь;частная жизнь;;
6042;экономика,бизнес,бизнес, коммерция, экономика, финансы;строительство и архитектура;строительство и архитектура;бизнес,экономика,бизнес, коммерция, экономика, финансы
5661;криминал;криминал;;
4961;образование,политика и общественная жизнь;частная жизнь;частная жизнь;политика и общественная жизнь,образование
4851;образование;администрация и управление,образование;администрация и управление;
10675;администрация и управление,политика и общественная жизнь;администрация и управление;;политика и общественная жизнь
1602;дом и домашнее хозяйство;дом и домашнее хозяйство;;
7364;образование;здоровье и медицина,политика и общественная жизнь,образование;здоровье и медицина,политика и общественная жизнь;
7353;администрация и управление;сельское хозяйство;сельское хозяйство;администрация и управление
5418;администрация и управление;администрация и управление;;
5772;досуг, зрелища и развлечения;экономика,досуг, зрелища и развлечения;экономика;
5738;политика и общественная жизнь;право;право;политика и общественная жизнь
5954;строительство и архитектура,строительство;экономика;экономика;строительство и архитектура,строительство
9002;политика и общественная жизнь;политика и общественная жизнь;;
5525;администрация и управление,экономика,криминал,бизнес,бизнес, коммерция, экономика, финансы;бизнес,экономика,криминал,бизнес, коммерция, экономика, финансы;;администрация и управление
2856;строительство и архитектура,строительство;строительство,строительство и архитектура,частная жизнь;частная жизнь;
9363;производство;бизнес,экономика,бизнес, коммерция, экономика, финансы;бизнес,экономика,бизнес, коммерция, экономика, финансы;производство
2719;криминал;криминал;;
5781;экономика,бизнес,бизнес, коммерция, экономика, финансы;бизнес,экономика,бизнес, коммерция, экономика, финансы;;
5880;дом и домашнее хозяйство;дом и домашнее хозяйство;;
5852;дом и домашнее хозяйство;дом и домашнее хозяйство;;
4882;сельское хозяйство;сельское хозяйство;;
1772;происшествия;происшествия;;
8807;право,политика и общественная жизнь;политика и общественная жизнь,право;;
3225;администрация и управление,путешествия;политика и общественная жизнь;политика и общественная жизнь;администрация и управление,путешествия
7467;спорт;спорт;;
11195;экономика,бизнес,бизнес, коммерция, экономика, финансы;бизнес,экономика,бизнес, коммерция, экономика, финансы;;
6422;политика и общественная жизнь;политика и общественная жизнь;;
6078;право,политика и общественная жизнь;политика и общественная жизнь;;право
10152;производство;производство;;
3963;криминал;криминал;;
761;астрология, парапсихология, эзотерика,психология;политика и общественная жизнь;политика и общественная жизнь;психология,астрология, парапсихология, эзотерика
10099;политика и общественная жизнь;политика и общественная жизнь;;
6446;право,политика и общественная жизнь;право;;политика и общественная жизнь
2972;происшествия;природа;природа;происшествия
3235;политика и общественная жизнь;сельское хозяйство;сельское хозяйство;политика и общественная жизнь
8786;природа;природа;;
6624;право,экономика,бизнес,бизнес, коммерция, экономика, финансы;бизнес,экономика,бизнес, коммерция, экономика, финансы;;право
9836;спорт;спорт;;
10470;строительство и архитектура,строительство;строительство и архитектура;;строительство
9098;производство;производство;;
719;политика и общественная жизнь;политика и общественная жизнь;;
9447;криминал;криминал;;
1684;администрация и управление;политика и общественная жизнь;политика и общественная жизнь;администрация и управление
5115;спорт;спорт;;
10254;администрация и управление,экономика,бизнес,бизнес, коммерция, экономика, финансы;администрация и управление,бизнес,экономика,бизнес, коммерция, экономика, финансы;;
1030;администрация и управление,экономика,бизнес,образование,бизнес, коммерция, экономика, финансы;администрация и управление,бизнес,экономика,бизнес, коммерция, экономика, финансы;;образование
10397;искусство и культура;искусство и культура;;
3245;искусство и культура;искусство и культура;;
8637;техника;строительство,строительство и архитектура;строительство,строительство и архитектура;техника
8636;сельское хозяйство;сельское хозяйство;;
3018;образование,армия и вооруженные конфликты;армия и вооруженные конфликты;;образование
3507;происшествия;природа;природа;происшествия
1077;политика и общественная жизнь;политика и общественная жизнь;;
10563;здоровье и медицина,спорт;политика и общественная жизнь;политика и общественная жизнь;спорт,здоровье и медицина
76;здоровье и медицина;здоровье и медицина;;
10362;политика и общественная жизнь;политика и общественная жизнь;;
4446;политика и общественная жизнь;политика и общественная жизнь;;
1031;экономика,сельское хозяйство,бизнес,бизнес, коммерция, экономика, финансы;бизнес,сельское хозяйство,экономика,бизнес, коммерция, экономика, финансы;;
968;экономика,бизнес,бизнес, коммерция, экономика, финансы;производство;производство;бизнес,экономика,бизнес, коммерция, экономика, финансы
3959;политика и общественная жизнь;политика и общественная жизнь;;
7970;искусство и культура;искусство и культура;;
4156;производство;политика и общественная жизнь;политика и общественная жизнь;производство
2678;политика и общественная жизнь;политика и общественная жизнь;;
558;криминал;криминал;;
8556;политика и общественная жизнь;политика и общественная жизнь;;
9925;здоровье и медицина;здоровье и медицина;;
3293;политика и общественная жизнь;досуг, зрелища и развлечения;досуг, зрелища и развлечения;политика и общественная жизнь
1414;сельское хозяйство,политика и общественная жизнь;сельское хозяйство,политика и общественная жизнь;;
5578;дом и домашнее хозяйство;дом и домашнее хозяйство;;
5545;администрация и управление;администрация и управление;;
581;политика и общественная жизнь;досуг, зрелища и развлечения;досуг, зрелища и развлечения;политика и общественная жизнь
3282;право;происшествия;происшествия;право
2831;строительство и архитектура,строительство,политика и общественная жизнь;политика и общественная жизнь,бизнес, коммерция, экономика, финансы;бизнес, коммерция, экономика, финансы;строительство и архитектура,строительство
4833;администрация и управление;политика и общественная жизнь;политика и общественная жизнь;администрация и управление
9540;политика и общественная жизнь;политика и общественная жизнь;;
10971;экономика,бизнес,бизнес, коммерция, экономика, финансы;бизнес,экономика,бизнес, коммерция, экономика, финансы;;
1762;строительство и архитектура,строительство;экономика;экономика;строительство и архитектура,строительство
6600;политика и общественная жизнь;политика и общественная жизнь;;
4618;сельское хозяйство;сельское хозяйство;;
1118;происшествия;происшествия;;
703;политика и общественная жизнь;политика и общественная жизнь;;
2772;религия;религия;;
7396;здоровье и медицина;здоровье и медицина;;
1225;транспорт,спорт;транспорт,спорт;;
9379;политика и общественная жизнь;политика и общественная жизнь;;
4774;дом и домашнее хозяйство;дом и домашнее хозяйство;;
2577;здоровье и медицина;здоровье и медицина;;
5351;политика и общественная жизнь;политика и общественная жизнь;;
426;производство;политика и общественная жизнь;политика и общественная жизнь;производство
1011;политика и общественная жизнь;строительство и архитектура;строительство и архитектура;политика и общественная жизнь
1277;транспорт,спорт;спорт;;транспорт
11111;экономика,бизнес,бизнес, коммерция, экономика, финансы;экономика;;бизнес,бизнес, коммерция, экономика, финансы
2636;криминал;происшествия,право;происшествия,право;криминал
10287;администрация и управление,политика и общественная жизнь;администрация и управление;;политика и общественная жизнь
4126;криминал;спорт;спорт;криминал
3281;криминал;криминал;;
9396;политика и общественная жизнь;политика и общественная жизнь;;
2053;спорт;спорт;;
3156;происшествия;происшествия;;
6781;политика и общественная жизнь;политика и общественная жизнь;;
499;искусство и культура;искусство и культура,досуг, зрелища и развлечения;досуг, зрелища и развлечения;
11449;политика и общественная жизнь;политика и общественная жизнь;;
497;природа;природа;;
11568;спорт;спорт;;
8837;сельское хозяйство;сельское хозяйство;;
2038;транспорт,происшествия,спорт;транспорт,спорт;;происшествия
1178;политика и общественная жизнь;политика и общественная жизнь;;
1946;досуг, зрелища и развлечения;искусство и культура,досуг, зрелища и развлечения;искусство и культура;
1482;экономика,бизнес,бизнес, коммерция, экономика, финансы;политика и общественная жизнь;политика и общественная жизнь;бизнес,экономика,бизнес, коммерция, экономика, финансы
316;транспорт,спорт;транспорт,спорт;;
1720;администрация и управление;администрация и управление;;
7825;образование;политика и общественная жизнь;политика и общественная жизнь;образование
7018;досуг, зрелища и развлечения;администрация и управление;администрация и управление;досуг, зрелища и развлечения
3504;наука и технологии;наука и технологии;;
10377;экономика,бизнес,бизнес, коммерция, экономика, финансы;производство;производство;бизнес,экономика,бизнес, коммерция, экономика, финансы
9818;строительство и архитектура,строительство;строительство,строительство и архитектура;;
6786;администрация и управление;администрация и управление;;
11241;политика и общественная жизнь;природа;природа;политика и общественная жизнь
11315;политика и общественная жизнь;политика и общественная жизнь;;
3032;сельское хозяйство;сельское хозяйство;;
4297;экология;экология,природа;природа;
2914;образование;образование;;
4916;политика и общественная жизнь;политика и общественная жизнь;;
8841;экономика,бизнес,бизнес, коммерция, экономика, финансы;образование;образование;бизнес,экономика,бизнес, коммерция, экономика, финансы
10268;история,религия;история;;религия
4058;криминал;право;право;криминал
4502;администрация и управление;администрация и управление;;
10529;армия и вооруженные конфликты;частная жизнь,армия и вооруженные конфликты;частная жизнь;
5571;частная жизнь;политика и общественная жизнь;политика и общественная жизнь;частная жизнь
5059;информатика,экономика,бизнес,бизнес, коммерция, экономика, финансы;частная жизнь;частная жизнь;бизнес,экономика,информатика,бизнес, коммерция, экономика, финансы
4565;образование;политика и общественная жизнь,образование;политика и общественная жизнь;
5887;политика и общественная жизнь;политика и общественная жизнь;;
6472;досуг, зрелища и развлечения,спорт;спорт;;досуг, зрелища и развлечения
6716;политика и общественная жизнь;политика и общественная жизнь;;
4680;дом и домашнее хозяйство;строительство и архитектура;строительство и архитектура;дом и домашнее хозяйство
10588;искусство и культура;политика и общественная жизнь;политика и общественная жизнь;искусство и культура
6186;администрация и управление;администрация и управление;;
5596;политика и общественная жизнь;политика и общественная жизнь;;
2879;администрация и управление;администрация и управление,политика и общественная жизнь;политика и общественная жизнь;
7139;администрация и управление;администрация и управление;;
9599;политика и общественная жизнь;политика и общественная жизнь;;
2409;криминал;происшествия,криминал;происшествия;
3793;досуг, зрелища и развлечения,искусство и культура;искусство и культура;;досуг, зрелища и развлечения
99;досуг, зрелища и развлечения;досуг, зрелища и развлечения;;
2045;политика и общественная жизнь;политика и общественная жизнь;;
7187;политика и общественная жизнь;политика и общественная жизнь;;
504;политика и общественная жизнь;политика и общественная жизнь;;
4165;администрация и управление,экономика,криминал,бизнес,бизнес, коммерция, экономика, финансы;бизнес,экономика,криминал,бизнес, коммерция, экономика, финансы;;администрация и управление
5558;экономика,бизнес,бизнес, коммерция, экономика, финансы;бизнес,экономика,бизнес, коммерция, экономика, финансы;;
5818;политика и общественная жизнь;политика и общественная жизнь;;
2118;криминал;криминал;;
3072;строительство и архитектура,строительство;частная жизнь;частная жизнь;строительство и архитектура,строительство
11494;досуг, зрелища и развлечения;экономика;экономика;досуг, зрелища и развлечения
7777;досуг, зрелища и развлечения;сельское хозяйство;сельское хозяйство;досуг, зрелища и развлечения
1365;право,политика и общественная жизнь;право;;политика и общественная жизнь
10444;политика и общественная жизнь;политика и общественная жизнь;;
3075;дом и домашнее хозяйство;дом и домашнее хозяйство;;
11584;искусство и культура;искусство и культура;;
6397;здоровье и медицина;здоровье и медицина;;
9728;дом и домашнее хозяйство;дом и домашнее хозяйство;;
6834;строительство и архитектура,право,администрация и управление,строительство;администрация и управление,строительство,строительство и архитектура;;право
1067;строительство и архитектура,строительство;сельское хозяйство;сельское хозяйство;строительство и архитектура,строительство
94;экономика,бизнес,бизнес, коммерция, экономика, финансы;политика и общественная жизнь;политика и общественная жизнь;бизнес,экономика,бизнес, коммерция, экономика, финансы
1345;техника;история;история;техника
2627;искусство и культура;искусство и культура;;
847;экономика,бизнес,бизнес, коммерция, экономика, финансы;бизнес;;бизнес, коммерция, экономика, финансы,экономика
7631;транспорт,спорт;администрация и управление;администрация и управление;спорт,транспорт
5185;частная жизнь;частная жизнь;;
4410;спорт;спорт;;
9851;искусство и культура;искусство и культура;;
3057;политика и общественная жизнь;политика и общественная жизнь;;
8327;политика и общественная жизнь;политика и общественная жизнь;;
4719;здоровье и медицина;здоровье и медицина;;
5225;история;искусство и культура;искусство и культура;история
3777;образование;политика и общественная жизнь;политика и общественная жизнь;образование
5952;политика и общественная жизнь;политика и общественная жизнь;;
10922;политика и общественная жизнь;частная жизнь;частная жизнь;политика и общественная жизнь
7840;политика и общественная жизнь;политика и общественная жизнь;;
61;частная жизнь;политика и общественная жизнь;политика и общественная жизнь;частная жизнь
10258;наука и технологии;наука и технологии;;
3152;спорт;спорт;;
8878;администрация и управление,образование;политика и общественная жизнь,образование;политика и общественная жизнь;администрация и управление
10381;политика и общественная жизнь;политика и общественная жизнь;;
3366;политика и общественная жизнь;политика и общественная жизнь;;
1422;путешествия;производство;производство;путешествия
8551;экономика,бизнес,бизнес, коммерция, экономика, финансы;дом и домашнее хозяйство;дом и домашнее хозяйство;бизнес,экономика,бизнес, коммерция, экономика, финансы
279;природа;здоровье и медицина;здоровье и медицина;природа
9118;администрация и управление,сельское хозяйство,политика и общественная жизнь;администрация и управление;;политика и общественная жизнь,сельское хозяйство
3122;политика и общественная жизнь;политика и общественная жизнь;;
8572;здоровье и медицина;здоровье и медицина;;
582;происшествия;происшествия;;
5763;сельское хозяйство;сельское хозяйство;;
9163;досуг, зрелища и развлечения;досуг, зрелища и развлечения;;
6568;здоровье и медицина;здоровье и медицина;;
4411;экономика,бизнес,бизнес, коммерция, экономика, финансы;бизнес,экономика,бизнес, коммерция, экономика, финансы;;
10217;строительство и архитектура,строительство;строительство,строительство и архитектура;;
510;сельское хозяйство;сельское хозяйство;;
2388;политика и общественная жизнь;политика и общественная жизнь;;
1290;политика и общественная жизнь;политика и общественная жизнь;;
2067;экономика,бизнес,бизнес, коммерция, экономика, финансы;бизнес,экономика,бизнес, коммерция, экономика, финансы;;
6584;частная жизнь;частная жизнь;;
9597;досуг, зрелища и развлечения;досуг, зрелища и развлечения,образование;образование;
10037;астрономия,наука и технологии;наука и технологии,астрономия;;
1750;образование;образование;;
11619;здоровье и медицина;здоровье и медицина;;
4614;религия;религия;;
4682;досуг, зрелища и развлечения;администрация и управление;администрация и управление;досуг, зрелища и развлечения
2161;экономика,бизнес,бизнес, коммерция, экономика, финансы;экономика,бизнес, коммерция, экономика, финансы;;бизнес
7711;политика и общественная жизнь;политика и общественная жизнь;;
689;политика и общественная жизнь;администрация и управление;администрация и управление;политика и общественная жизнь
851;частная жизнь;строительство,строительство и архитектура;строительство,строительство и архитектура;частная жизнь
2787;политика и общественная жизнь;политика и общественная жизнь;;
4319;администрация и управление,транспорт,спорт;транспорт,спорт;;администрация и управление
560;право;право;;
7873;политика и общественная жизнь;политика и общественная жизнь;;
7059;право,администрация и управление;бизнес,экономика,бизнес, коммерция, экономика, финансы;бизнес,экономика,бизнес, коммерция, экономика, финансы;администрация и управление,право
8845;строительство и архитектура,строительство;строительство,строительство и архитектура;;
2517;спорт;спорт;;
9881;политика и общественная жизнь;политика и общественная жизнь;;
8888;строительство и архитектура,администрация и управление,строительство;администрация и управление,политика и общественная жизнь;политика и общественная жизнь;строительство и архитектура,строительство
5322;транспорт,спорт;здоровье и медицина;здоровье и медицина;спорт,транспорт
10512;здоровье и медицина;здоровье и медицина;;
11035;политика и общественная жизнь;политика и общественная жизнь;;
11647;администрация и управление,экономика,бизнес,бизнес, коммерция, экономика, финансы;администрация и управление,бизнес,экономика,бизнес, коммерция, экономика, финансы;;
363;строительство и архитектура,история,наука и технологии,строительство;строительство;;наука и технологии,история,строительство и архитектура
10953;право,частная жизнь;криминал;криминал;частная жизнь,право
10303;здоровье и медицина;здоровье и медицина;;
8952;образование;образование;;
2690;досуг, зрелища и развлечения;политика и общественная жизнь;политика и общественная жизнь;досуг, зрелища и развлечения
5401;строительство и архитектура,право,строительство;строительство и архитектура;;право,строительство
3397;здоровье и медицина;здоровье и медицина;;
6379;образование;образование;;
5375;право,администрация и управление;право;;администрация и управление
8882;право,криминал;криминал;;право
1537;спорт;спорт;;
7185;досуг, зрелища и развлечения;дом и домашнее хозяйство;дом и домашнее хозяйство;досуг, зрелища и развлечения
11352;здоровье и медицина;здоровье и медицина;;
1227;спорт;спорт;;
9990;криминал;администрация и управление;администрация и управление;криминал
4045;политика и общественная жизнь;администрация и управление;администрация и управление;политика и общественная жизнь
8668;частная жизнь;частная жизнь;;
1383;политика и общественная жизнь;политика и общественная жизнь;;
11282;история,наука и технологии;наука и технологии,история;;
3962;политика и общественная жизнь;бизнес, коммерция, экономика, финансы;бизнес, коммерция, экономика, финансы;политика и общественная жизнь
2036;право;право;;
9450;политика и общественная жизнь;политика и общественная жизнь;;
8592;здоровье и медицина;здоровье и медицина;;
10859;криминал;криминал;;
7489;экономика,сельское хозяйство,бизнес,образование,бизнес, коммерция, экономика, финансы;образование;;бизнес,экономика,сельское хозяйство,бизнес, коммерция, экономика, финансы
8219;наука и технологии,образование;политика и общественная жизнь,образование;политика и общественная жизнь;наука и технологии
7084;экономика,бизнес,бизнес, коммерция, экономика, финансы;бизнес, коммерция, экономика, финансы;;бизнес,экономика
691;природа;политика и общественная жизнь;политика и общественная жизнь;природа
6483;искусство и культура;частная жизнь;частная жизнь;искусство и культура
7861;криминал;криминал;;
329;политика и общественная жизнь;образование;образование;политика и общественная жизнь
3681;экономика,бизнес,бизнес, коммерция, экономика, финансы;бизнес,экономика,бизнес, коммерция, экономика, финансы;;
9488;искусство и культура;искусство и культура;;
4283;политика и общественная жизнь;досуг, зрелища и развлечения;досуг, зрелища и развлечения;политика и общественная жизнь
2076;право;криминал;криминал;право
3517;право,экономика,бизнес,бизнес, коммерция, экономика, финансы,политика и общественная жизнь;бизнес,экономика,бизнес, коммерция, экономика, финансы;;политика и общественная жизнь,право
7260;здоровье и медицина;здоровье и медицина;;
4355;наука и технологии;строительство и архитектура;строительство и архитектура;наука и технологии
8732;политика и общественная жизнь;политика и общественная жизнь;;
7331;политика и общественная жизнь;политика и общественная жизнь;;
9518;строительство и архитектура,история,наука и технологии,строительство;наука и технологии,история;;строительство и архитектура,строительство
6744;история,образование;искусство и культура;искусство и культура;история,образование
8036;здоровье и медицина,администрация и управление;здоровье и медицина;;администрация и управление
10572;администрация и управление;политика и общественная жизнь;политика и общественная жизнь;администрация и управление
2885;происшествия;происшествия;;
10351;частная жизнь;частная жизнь;;
1013;криминал;криминал;;
9254;криминал;политика и общественная жизнь;политика и общественная жизнь;криминал
2631;строительство и архитектура,строительство;бизнес,экономика,бизнес, коммерция, экономика, финансы;бизнес,экономика,бизнес, коммерция, экономика, финансы;строительство и архитектура,строительство
11075;право,политика и общественная жизнь;политика и общественная жизнь;;право
5576;политика и общественная жизнь;сельское хозяйство;сельское хозяйство;политика и общественная жизнь
3417;транспорт,спорт;транспорт,спорт;;
8004;администрация и управление,политика и общественная жизнь;администрация и управление,политика и общественная жизнь;;
2786;криминал;криминал;;
4256;сельское хозяйство;бизнес;бизнес;сельское хозяйство
383;политика и общественная жизнь;политика и общественная жизнь;;
1515;политика и общественная жизнь;наука и технологии;наука и технологии;политика и общественная жизнь
4632;политика и общественная жизнь;политика и общественная жизнь;;
8248;политика и общественная жизнь;дом и домашнее хозяйство,политика и общественная жизнь;дом и домашнее хозяйство;
5990;строительство и архитектура,администрация и управление,строительство;администрация и управление;;строительство и архитектура,строительство
3351;здоровье и медицина;здоровье и медицина;;
6955;искусство и культура;искусство и культура;;
852;религия;политика и общественная жизнь,религия;политика и общественная жизнь;
1543;транспорт,спорт;политика и общественная жизнь;политика и общественная жизнь;спорт,транспорт
2272;частная жизнь;политика и общественная жизнь;политика и общественная жизнь;частная жизнь
9381;энергетика;политика и общественная жизнь;политика и общественная жизнь;энергетика
5069;политика и общественная жизнь;политика и общественная жизнь;;
4521;религия;религия;;
9763;администрация и управление;политика и общественная жизнь;политика и общественная жизнь;администрация и управление
4168;строительство и архитектура,строительство;спорт;спорт;строительство и архитектура,строительство
10190;досуг, зрелища и развлечения;досуг, зрелища и развлечения;;
8287;политика и общественная жизнь;бизнес;бизнес;политика и общественная жизнь
9701;администрация и управление;администрация и управление,политика и общественная жизнь;политика и общественная жизнь;
1671;политика и общественная жизнь;политика и общественная жизнь;;
6553;право;политика и общественная жизнь,право;политика и общественная жизнь;
82;администрация и управление;политика и общественная жизнь;политика и общественная жизнь;администрация и управление
8154;администрация и управление;политика и общественная жизнь;политика и общественная жизнь;администрация и управление
271;политика и общественная жизнь;политика и общественная жизнь;;
6941;спорт;спорт;;
8174;частная жизнь,искусство и культура;искусство и культура;;частная жизнь
8498;политика и общественная жизнь;политика и общественная жизнь;;
2199;администрация и управление,техника;администрация и управление;;техника
7683;администрация и управление,политика и общественная жизнь;администрация и управление,политика и общественная жизнь;;
7771;искусство и культура;искусство и культура;;
11789;политика и общественная жизнь;политика и общественная жизнь;;
2405;здоровье и медицина;политика и общественная жизнь;политика и общественная жизнь;здоровье и медицина
10813;экономика,бизнес,бизнес, коммерция, экономика, финансы;бизнес,экономика,бизнес, коммерция, экономика, финансы;;
2228;происшествия;происшествия;;
7485;энергетика;энергетика;;
2519;дом и домашнее хозяйство;политика и общественная жизнь;политика и общественная жизнь;дом и домашнее хозяйство
7144;политика и общественная жизнь;политика и общественная жизнь;;
7289;политика и общественная жизнь;политика и общественная жизнь;;
6222;экономика,бизнес,бизнес, коммерция, экономика, финансы;политика и общественная жизнь;политика и общественная жизнь;бизнес,экономика,бизнес, коммерция, экономика, финансы
2332;досуг, зрелища и развлечения;досуг, зрелища и развлечения;;
8224;право,политика и общественная жизнь;криминал,право;криминал;политика и общественная жизнь
10192;энергетика,экономика,бизнес,бизнес, коммерция, экономика, финансы;бизнес,экономика,бизнес, коммерция, экономика, финансы;;энергетика
3970;политика и общественная жизнь;политика и общественная жизнь;;
2099;политика и общественная жизнь;транспорт,спорт;спорт,транспорт;политика и общественная жизнь
4258;политика и общественная жизнь;политика и общественная жизнь;;
8591;искусство и культура;искусство и культура;;
9547;экономика,бизнес,бизнес, коммерция, экономика, финансы;политика и общественная жизнь;политика и общественная жизнь;бизнес,экономика,бизнес, коммерция, экономика, финансы
3078;транспорт,криминал,спорт;криминал,право;право;спорт,транспорт
3602;экономика,бизнес,бизнес, коммерция, экономика, финансы;бизнес,экономика,бизнес, коммерция, экономика, финансы;;
8265;администрация и управление;политика и общественная жизнь;политика и общественная жизнь;администрация и управление
7328;искусство и культура;искусство и культура;;
1803;спорт;спорт;;
11034;сельское хозяйство;сельское хозяйство;;
8937;частная жизнь;строительство,строительство и архитектура;строительство,строительство и архитектура;частная жизнь
7020;право,техника,экономика,бизнес,бизнес, коммерция, экономика, финансы;бизнес,бизнес, коммерция, экономика, финансы;;техника,экономика,право
3408;образование;образование;;
7919;путешествия;политика и общественная жизнь;политика и общественная жизнь;путешествия
3523;политика и общественная жизнь;здоровье и медицина,политика и общественная жизнь;здоровье и медицина;
11442;политика и общественная жизнь;политика и общественная жизнь;;
9365;строительство и архитектура,строительство;строительство,строительство и архитектура;;
2533;природа,политика и общественная жизнь;политика и общественная жизнь;;природа
4;экономика,бизнес,бизнес, коммерция, экономика, финансы;политика и общественная жизнь;политика и общественная жизнь;бизнес,экономика,бизнес, коммерция, экономика, финансы
10594;экономика,бизнес,бизнес, коммерция, экономика, финансы;бизнес,экономика,бизнес, коммерция, экономика, финансы;;
933;техника;политика и общественная жизнь,религия;политика и общественная жизнь,религия;техника
269;политика и общественная жизнь;политика и общественная жизнь;;
8024;право,политика и общественная жизнь;политика и общественная жизнь;;право
10999;искусство и культура;искусство и культура;;
4501;природа;природа;;
486;политика и общественная жизнь;политика и общественная жизнь;;
2901;экономика,бизнес,бизнес, коммерция, экономика, финансы;бизнес;;бизнес, коммерция, экономика, финансы,экономика
721;происшествия;происшествия;;
354;искусство и культура;искусство и культура;;
26;искусство и культура;экономика;экономика;искусство и культура
5021;экономика,криминал,бизнес,бизнес, коммерция, экономика, финансы;администрация и управление;администрация и управление;бизнес,экономика,криминал,бизнес, коммерция, экономика, финансы
8616;криминал;криминал;;
10401;криминал;криминал;;
7382;наука и технологии;строительство и архитектура;строительство и архитектура;наука и технологии
9967;история,наука и технологии;политика и общественная жизнь;политика и общественная жизнь;наука и технологии,история
6145;спорт;спорт;;
4318;происшествия;криминал;криминал;происшествия
6569;сельское хозяйство;сельское хозяйство;;
11623;политика и общественная жизнь;политика и общественная жизнь;;
9134;политика и общественная жизнь;бизнес,экономика,бизнес, коммерция, экономика, финансы;бизнес,экономика,бизнес, коммерция, экономика, финансы;политика и общественная жизнь
3556;досуг, зрелища и развлечения;досуг, зрелища и развлечения,спорт;спорт;
9086;политика и общественная жизнь;политика и общественная жизнь;;
4329;экономика,бизнес,бизнес, коммерция, экономика, финансы;политика и общественная жизнь;политика и общественная жизнь;бизнес,экономика,бизнес, коммерция, экономика, финансы
2906;происшествия;происшествия;;
6651;транспорт,экономика,бизнес,бизнес, коммерция, экономика, финансы,спорт;бизнес,транспорт,бизнес, коммерция, экономика, финансы;;спорт,экономика
7333;природа;политика и общественная жизнь;политика и общественная жизнь;природа
3467;криминал;криминал;;
6667;сельское хозяйство;сельское хозяйство;;
4489;политика и общественная жизнь;политика и общественная жизнь;;
3157;экология,экономика,бизнес,бизнес, коммерция, экономика, финансы;бизнес, коммерция, экономика, финансы;;бизнес,экология,экономика
5704;здоровье и медицина;наука и технологии;наука и технологии;здоровье и медицина
10321;криминал;криминал;;
11150;техника;техника;;
1832;сельское хозяйство;сельское хозяйство;;
4893;здоровье и медицина;здоровье и медицина;;
11444;администрация и управление;бизнес,экономика,бизнес, коммерция, экономика, финансы;бизнес,экономика,бизнес, коммерция, экономика, финансы;администрация и управление
8299;экономика,бизнес,бизнес, коммерция, экономика, финансы;политика и общественная жизнь;политика и общественная жизнь;бизнес,экономика,бизнес, коммерция, экономика, финансы
